Gm#,Year,Date,Month,,Tm,,Opp,W/L,R,RA,Inn,W-L,Rank,GB,Win,Loss,Save,Time,D/N,Attendance,DATE,OPP,Play,RESULT,AB,R,H,2B,3B,HR,RBI,BB,SO,SB,CS,OBP,SLG,OPS,AVG1,2016,"Monday, Apr 4",April,boxscore,BAL,,MIN,W-wo,3,2,,1-0,2,0.5,Britton,Jepsen,,2:48,0,"45,785",4-Apr,vs MIN,1,W 3-2,5,1,1,0,0,0,0,0,1,0,0,0.2,0.2,0.4,0.22,2016,"Wednesday, Apr 6",April,boxscore,BAL,,MIN,W,4,2,,2-0,1,up 1.0,Gallardo,Gibson,Britton,3:11,1,"12,622",6-Apr,vs MIN,1,W 4-2,4,0,1,0,0,0,0,1,2,0,0,0.3,0.222,0.522,0.2223,2016,"Thursday, Apr 7",April,boxscore,BAL,,MIN,W,4,2,,3-0,1,up 1.0,Jimenez,Hughes,O'Day,2:32,1,"11,142",7-Apr,vs MIN,1,W 4-2,4,1,2,0,0,1,1,0,2,0,0,0.357,0.538,0.895,0.3084,2016,"Friday, Apr 8",April,boxscore,BAL,,TBR,W,6,1,,4-0,1,up 1.5,Tillman,Archer,,2:46,1,"17,304",8-Apr,vs TB,1,W 6-1,4,1,1,0,0,1,1,0,1,0,0,0.333,0.647,0.98,0.2945,2016,"Sunday, Apr 10",April,boxscore,BAL,,TBR,W,5,3,,5-0,1,up 2.0,Brach,Odorizzi,Britton,2:53,0,"23,101",10-Apr,vs TB,1,W 5-3,4,2,4,1,0,1,2,0,0,0,0,0.455,0.905,1.36,0.42912,2016,"Tuesday, Apr 19",April,boxscore,BAL,,TOR,L,3,4,,8-4,1,up 1.5,Stroman,Wright,Osuna,2:50,1,"16,783",19-Apr,vs TOR,1,L 4-3,4,1,2,1,0,1,1,0,0,0,0,0.436,0.784,1.22,0.39213,2016,"Wednesday, Apr 20",April,boxscore,BAL,,TOR,W-wo,4,3,10,9-4,1,up 2.5,Givens,Biagini,,3:22,1,"15,404",20-Apr,vs TOR,1,W 4-3,3,1,2,1,0,0,1,2,0,0,0,0.467,0.796,1.263,0.40714,2016,"Thursday, Apr 21",April,boxscore,BAL,,TOR,W,3,2,,10-4,1,up 3.5,O'Day,Cecil,Britton,3:09,1,"17,644",21-Apr,vs TOR,1,W 3-2,5,0,2,1,0,0,2,0,1,0,0,0.462,0.78,1.242,0.40721,2016,"Thursday, Apr 28",April,boxscore,BAL,,CHW,W,10,2,,13-8,1,up 1.5,Givens,Danks,,3:10,1,"14,568",28-Apr,vs CHW,1,W 10-2,4,3,2,1,0,1,5,1,1,0,0,0.389,0.678,1.067,0.33323,2016,"Saturday, Apr 30",April,boxscore,BAL,,CHW,L,7,8,,14-9,1,up 0.5,Jones,Britton,,3:42,1,"29,152",30-Apr,vs CHW,1,L 8-7,5,1,2,0,0,0,0,0,0,0,0,0.394,0.667,1.061,0.34424,2016,"Sunday, May 1",May,boxscore,BAL,,CHW,L,1,7,,14-10,2,0.5,Sale,Jimenez,,3:07,0,"28,803",1-May,vs CHW,1,L 7-1,4,0,2,0,0,0,0,1,1,0,0,0.404,0.66,,25,2016,"Tuesday, May 3",May,boxscore,BAL,,NYY,W,4,1,,15-10,1,up 0.5,Tillman,Severino,O'Day,2:43,1,"16,083",3-May,vs NYY,1,W 4-1,3,0,1,1,0,0,0,1,0,0,0,0.407,0.66,OPS,AVG26,2016,"Wednesday, May 4",May,boxscore,BAL,,NYY,L,0,7,,15-11,2,0.5,Sabathia,Wilson,,3:16,1,"15,998",4-May,vs NYY,1,L 7-0,4,0,2,2,0,0,0,0,1,0,0,0.41,0.673,1.064,0.3527,2016,"Thursday, May 5",May,boxscore,BAL,,NYY,W-wo,1,0,10,16-11,2,0.5,Britton,Barbato,,2:50,1,"19,598",5-May,vs NYY,1,W 1-0,4,0,0,0,0,0,0,0,0,0,0,0.397,0.649,1.067,0.3528,2016,"Saturday, May 7 (1)",May,boxscore,BAL,,OAK,L,4,8,,16-12,1,up 0.5,Hill,Wright,,3:17,0,"15,110",7-May,vs OAK,1,L 8-4,4,1,2,1,0,0,0,0,0,0,0,0.4,0.652,1.083,0.35529,2016,"Saturday, May 7 (2)",May,boxscore,BAL,,OAK,W,5,2,,17-12,1,up 0.5,Jimenez,Hahn,Britton,2:32,1,"29,862",7-May,vs OAK,1,W 5-2,4,1,1,1,0,0,0,0,0,0,0,0.395,0.647,1.046,0.34230,2016,"Sunday, May 8",May,boxscore,BAL,,OAK,W,11,3,,18-12,1,up 0.5,Tillman,Graveman,,2:59,0,"43,690",8-May,vs OAK,1,W 11-3,4,2,2,0,0,2,6,1,1,0,0,0.403,0.691,1.052,0.34833,2016,"Thursday, May 12",May,boxscore,BAL,,DET,W,7,5,,21-12,1,Tied,Worley,Wilson,Britton,3:16,1,"14,918",12-May,vs DET,1,W 7-5,5,2,2,0,0,0,0,0,0,0,0,0.416,0.691,1.146,0.36534,2016,"Friday, May 13",May,boxscore,BAL,,DET,W,1,0,,22-12,1,up 1.0,Tillman,Verlander,Britton,2:39,1,"30,488",13-May,vs DET,1,W 1-0,4,0,0,0,0,0,0,0,2,0,0,0.405,0.671,1.119,0.35935,2016,"Saturday, May 14",May,boxscore,BAL,,DET,W,9,3,,23-12,1,up 1.0,Wright,Sanchez,Brach,2:44,1,"32,174",14-May,vs DET,1,W 9-3,5,0,0,0,0,0,0,0,2,0,0,0.392,0.648,1.107,0.3636,2016,"Sunday, May 15",May,boxscore,BAL,,DET,L,5,6,,23-13,1,Tied,Saupold,O'Day,Rodriguez,3:38,0,"37,890",15-May,vs DET,1,L 6-5,5,1,1,0,0,1,2,0,1,0,0,0.387,0.653,1.076,0.3537,2016,"Tuesday, May 17",May,boxscore,BAL,,SEA,L,0,10,,23-14,1,Tied,Miley,Jimenez,,2:41,1,"14,477",17-May,vs SEA,1,L 10-0,3,0,0,0,0,0,0,1,0,0,0,0.383,0.641,1.04,0.33838,2016,"Wednesday, May 18",May,boxscore,BAL,,SEA,W,5,2,,24-14,1,up 0.5,Tillman,Walker,Britton,2:59,1,"21,167",18-May,vs SEA,1,W 5-2,4,0,0,0,0,0,0,0,1,0,0,0.374,0.624,1.04,0.33339,2016,"Thursday, May 19",May,boxscore,BAL,,SEA,L,2,7,,24-15,1,Tied,Karns,Wilson,,3:01,0,"35,012",19-May,vs SEA,1,L 7-2,3,0,1,1,0,0,0,1,0,0,0,0.377,0.625,1.024,0.32749,2016,"Monday, May 30",May,boxscore,BAL,,BOS,L,2,7,,28-21,2,2,Wright,Wilson,,2:54,0,"43,926",30-May,vs BOS,1,L 7-2,4,0,0,0,0,0,0,0,0,0,0,0.387,0.611,1.034,0.32350,2016,"Tuesday, May 31",May,boxscore,BAL,,BOS,L,2,6,,28-22,2,3,Rodriguez,Gausman,,2:48,1,"17,664",31-May,vs BOS,1,L 6-2,4,0,2,1,0,0,0,0,0,0,0,0.389,0.614,1.018,0.3251,2016,"Wednesday, Jun 1",June,boxscore,BAL,,BOS,W,13,9,,29-22,2,2,Brach,Buchholz,Britton,3:58,1,"20,750",1-Jun,vs BOS,1,W 13-9,5,0,1,0,0,0,2,0,0,0,0,0.384,0.604,,52,2016,"Thursday, Jun 2",June,boxscore,BAL,,BOS,W,12,7,,30-22,2,1,Givens,Ross,,2:57,1,"21,534",2-Jun,vs BOS,1,W 12-7,4,1,2,0,0,1,3,0,0,0,0,0.386,0.616,OPS,AVG53,2016,"Friday, Jun 3",June,boxscore,BAL,,NYY,W,6,5,,31-22,1,Tied,Givens,Betances,Britton,3:00,1,"25,220",3-Jun,vs NYY,1,W 6-5,4,0,0,0,0,0,1,0,1,0,0,0.379,0.605,0.988,0.31454,2016,"Saturday, Jun 4",June,boxscore,BAL,,NYY,L,6,8,,31-23,2,1,Nova,Wilson,Chapman,3:25,1,"33,170",4-Jun,vs NYY,1,L 8-6,4,0,1,0,0,0,0,0,0,0,0,0.377,0.598,1.002,0.31855,2016,"Sunday, Jun 5",June,boxscore,BAL,,NYY,W,3,1,,32-23,1,Tied,McFarland,Betances,Britton,3:26,0,"28,807",5-Jun,vs NYY,1,W 3-1,2,0,0,0,0,0,0,2,1,0,0,0.379,0.593,0.984,0.31256,2016,"Monday, Jun 6",June,boxscore,BAL,,KCR,W,4,1,,33-23,1,up 0.5,Wright,Duffy,Britton,2:37,1,"14,878",6-Jun,vs KC,1,W 4-1,4,1,1,0,0,1,1,0,3,0,0,0.377,0.6,0.975,0.31157,2016,"Tuesday, Jun 7",June,boxscore,BAL,,KCR,W,9,1,,34-23,1,up 0.5,Jimenez,Ventura,,2:44,1,"28,110",7-Jun,vs KC,1,W 9-1,2,1,1,1,0,0,1,0,0,0,0,0.38,0.604,0.972,0.30858,2016,"Wednesday, Jun 8",June,boxscore,BAL,,KCR,W,4,0,,35-23,1,up 1.5,Tillman,Volquez,Brach,2:47,1,"19,178",8-Jun,vs KC,1,W 4-0,4,0,0,0,0,0,0,0,2,0,0,0.375,0.593,0.977,0.30766,2016,"Friday, Jun 17",June,boxscore,BAL,,TOR,L,3,13,,38-28,1,up 1.0,Sanchez,Wright,,2:53,1,"38,306",17-Jun,vs TOR,1,L 13-3,4,0,2,0,0,0,1,0,0,0,0,0.375,0.599,0.966,0.30267,2016,"Saturday, Jun 18",June,boxscore,BAL,,TOR,W,4,2,,39-28,1,up 1.0,Gallardo,Dickey,Britton,2:33,0,"41,901",18-Jun,vs TOR,1,W 4-2,4,1,3,1,0,0,0,0,0,0,0,0.38,0.605,0.974,0.30868,2016,"Sunday, Jun 19",June,boxscore,BAL,,TOR,W,11,6,,40-28,1,up 1.0,Tillman,Stroman,,3:31,0,"39,024",19-Jun,vs TOR,0,W 11-6,Did not play,,,,,,,,,,,,,0.974,0.31170,2016,"Tuesday, Jun 21",June,boxscore,BAL,,SDP,L,7,10,,40-30,1,up 1.0,Quackenbush,Givens,Rodney,3:44,1,"23,876",21-Jun,vs SD,0,L 10-7,Did not play,,,,,,,,,,,,,,71,2016,"Wednesday, Jun 22",June,boxscore,BAL,,SDP,W,7,2,,41-30,1,up 2.0,Jimenez,Johnson,,2:43,1,"23,785",22-Jun,vs SD,0,W 7-2,Did not play,,,,,,,,,,,,,,72,2016,"Friday, Jun 24",June,boxscore,BAL,,TBR,W,6,3,,42-30,1,up 1.5,Tolliver,Moore,Britton,3:07,1,"44,956",24-Jun,vs TB,1,W 6-3,4,2,2,0,0,1,1,0,1,0,0,0.382,0.615,,73,2016,"Saturday, Jun 25 (1)",June,boxscore,BAL,,TBR,W,5,0,,43-30,1,up 3.0,Gausman,Andriese,,2:46,0,"18,229",25-Jun,vs TB,1,W 5-0,5,0,2,0,0,0,0,0,0,0,0,0.382,0.611,,74,2016,"Saturday, Jun 25 (2)",June,boxscore,BAL,,TBR,W,8,6,,44-30,1,up 3.0,McFarland,Ramirez,Britton,3:15,1,"33,040",25-Jun,vs TB,1,W 8-6,4,0,1,0,0,0,0,0,0,0,0,0.38,0.606,0.997,0.3275,2016,"Sunday, Jun 26",June,boxscore,BAL,,TBR,W,12,5,,45-30,1,up 4.0,Wilson,Smyly,,3:03,0,"38,611",26-Jun,vs TB,1,W 12-5,5,3,3,1,0,0,1,0,1,0,0,0.384,0.609,0.993,0.32185,2016,"Friday, Jul 8",July,boxscore,BAL,,LAA,L,5,9,,49-36,1,up 1.0,Shoemaker,Jimenez,,3:27,1,"44,317",8-Jul,vs LAA,1,L 9-5,4,1,2,0,0,0,0,1,0,0,0,0.381,0.581,0.97,0.32486,2016,"Saturday, Jul 9",July,boxscore,BAL,,LAA,W,3,2,,50-36,1,up 2.0,Brach,Smith,Britton,3:14,0,"43,288",9-Jul,vs LAA,1,W 3-2,4,1,1,0,0,0,0,0,1,0,0,0.38,0.577,0.96,0.32187,2016,"Sunday, Jul 10",July,boxscore,BAL,,LAA,W,4,2,,51-36,1,up 2.0,Tillman,Lincecum,Britton,3:13,0,"32,963",10-Jul,vs LAA,1,W 4-2,5,0,0,0,0,0,0,0,0,0,0,0.375,0.569,0.962,0.32395,2016,"Friday, Jul 22",July,boxscore,BAL,,CLE,W,5,1,,55-40,1,up 0.5,Bundy,Bauer,Britton,2:52,1,"39,358",22-Jul,vs CLE,1,W 5-1,2,2,2,0,0,1,1,2,0,0,0,0.374,0.56,,96,2016,"Saturday, Jul 23",July,boxscore,BAL,,CLE,W,5,2,,56-40,1,up 1.5,Gausman,Tomlin,Britton,2:52,1,"31,946",23-Jul,vs CLE,1,W 5-2,4,0,1,0,0,0,0,0,0,0,0,0.373,0.557,0.917,0.3197,2016,"Sunday, Jul 24",July,boxscore,BAL,,CLE,W-wo,5,3,,57-40,1,up 1.5,O'Day,Allen,,2:46,0,"37,821",24-Jul,vs CLE,1,W 5-3,3,1,1,0,0,0,1,1,0,0,0,0.374,0.555,0.934,0.31498,2016,"Monday, Jul 25",July,boxscore,BAL,,COL,W-wo,3,2,10,58-40,1,up 2.5,Roe,Lyles,,3:14,1,"19,361",25-Jul,vs COL,1,W 3-2,5,0,1,0,0,0,0,0,0,0,0,0.372,0.55,0.93,0.31499,2016,"Tuesday, Jul 26",July,boxscore,BAL,,COL,L,3,6,,58-41,1,up 2.0,Bettis,Tillman,Estevez,2:44,1,"23,677",26-Jul,vs COL,1,L 6-3,4,0,1,0,0,0,0,0,1,0,0,0.371,0.547,0.929,0.314100,2016,"Wednesday, Jul 27",July,boxscore,BAL,,COL,L,1,3,,58-42,1,up 2.0,Gray,Bundy,Estevez,2:48,1,"20,324",27-Jul,vs COL,1,L 3-1,4,1,1,0,0,1,1,0,1,0,0,0.369,0.552,0.922,0.312105,2016,"Tuesday, Aug 2",August,boxscore,BAL,,TEX,W,5,1,,60-45,1,up 1.0,Bundy,Darvish,O'Day,2:43,1,"22,230",2-Aug,vs TEX,1,W 5-1,4,0,2,0,0,0,0,0,1,0,0,0.367,0.542,,106,2016,"Wednesday, Aug 3",August,boxscore,BAL,,TEX,W,3,2,,61-45,1,up 1.0,Gausman,Hamels,Britton,2:26,1,"24,552",3-Aug,vs TEX,1,W 3-2,4,0,1,1,0,0,0,0,0,0,0,0.366,0.542,OPS,AVG107,2016,"Thursday, Aug 4",August,boxscore,BAL,,TEX,L,3,5,,61-46,1,Tied,Griffin,Miley,Dyson,2:26,1,"28,762",4-Aug,vs TEX,1,L 5-3,4,0,0,0,0,0,0,0,1,0,0,0.363,0.536,0.909,0.304118,2016,"Tuesday, Aug 16",August,boxscore,BAL,,BOS,L,3,5,,66-52,2,1,Ziegler,Brach,Kimbrel,3:05,1,"26,014",16-Aug,vs BOS,1,L 5-3,4,0,1,0,0,0,0,0,1,0,0,0.362,0.549,0.916,0.304119,2016,"Wednesday, Aug 17",August,boxscore,BAL,,BOS,L,1,8,6,66-53,3,2,Price,Bundy,,2:12,1,"26,160",17-Aug,vs BOS,1,L 8-1,3,0,0,0,0,0,0,0,2,0,0,0.36,0.545,0.915,0.305120,2016,"Thursday, Aug 18",August,boxscore,BAL,,HOU,W,13,5,,67-53,2,1.5,Gausman,Musgrove,,2:40,1,"20,288",18-Aug,vs HOU,1,W 13-5,5,2,2,1,0,1,3,0,1,0,0,0.361,0.552,0.911,0.305121,2016,"Friday, Aug 19",August,boxscore,BAL,,HOU,L,8,15,,67-54,3,1.5,Devenski,Jimenez,,3:03,1,"34,422",19-Aug,vs HOU,1,L 15-8,5,1,1,0,0,1,2,0,2,0,0,0.359,0.555,0.905,0.303122,2016,"Saturday, Aug 20",August,boxscore,BAL,,HOU,L,2,12,,67-55,3,2.5,Fiers,Tillman,,3:21,1,"39,373",20-Aug,vs HOU,1,L 12-2,3,0,1,1,0,0,0,0,0,0,0,0.359,0.556,0.913,0.304123,2016,"Sunday, Aug 21",August,boxscore,BAL,,HOU,L,3,5,,67-56,3,2.5,Keuchel,Gallardo,Giles,2:32,0,"29,734",21-Aug,vs HOU,1,L 5-3,4,0,1,0,0,0,0,0,1,0,0,0.358,0.553,0.914,0.303124,2016,"Monday, Aug 22",August,boxscore,BAL,,WSN,W,4,3,,68-56,3,2,Bundy,Cole,Britton,2:31,1,"31,660",22-Aug,vs WSH,1,W 4-3,4,1,1,1,0,0,0,0,0,0,0,0.357,0.553,0.915,0.303125,2016,"Tuesday, Aug 23",August,boxscore,BAL,,WSN,W,8,1,,69-56,3,2,Gausman,Lopez,Worley,3:12,1,"26,697",23-Aug,vs WSH,1,W 8-1,5,0,1,0,0,0,0,0,2,0,0,0.356,0.549,0.911,0.303131,2016,"Monday, Aug 29",August,boxscore,BAL,,TOR,L,1,5,,71-60,3,4,Estrada,Miley,,2:35,1,"15,532",29-Aug,vs TOR,1,L 5-1,4,0,0,0,0,0,0,0,1,0,0,0.358,0.56,0.922,0.306132,2016,"Tuesday, Aug 30",August,boxscore,BAL,,TOR,W,5,3,,72-60,3,3,Brach,Grilli,Britton,2:34,1,"16,083",30-Aug,vs TOR,1,W 5-3,4,1,1,0,0,1,2,0,1,0,0,0.357,0.563,0.924,0.309133,2016,"Wednesday, Aug 31",August,boxscore,BAL,,TOR,L,3,5,,72-61,3,4,Sanchez,Gallardo,,3:12,1,"16,161",31-Aug,vs TOR,1,L 5-3,5,0,1,0,0,0,0,0,0,0,0,0.356,0.56,0.918,0.306134,2016,"Friday, Sep 2",September,boxscore,BAL,,NYY,W,8,0,,73-61,3,3,Bundy,Green,,2:52,1,"24,226",2-Sep,vs NYY,1,W 8-0,2,2,1,0,0,1,2,2,0,0,0,0.358,0.565,,135,2016,"Saturday, Sep 3",September,boxscore,BAL,,NYY,W,2,0,,74-61,3,2,Gausman,Sabathia,Britton,3:02,1,"30,855",3-Sep,vs NYY,1,W 2-0,4,0,1,1,0,0,0,0,1,0,0,0.358,0.565,OPS,AVG136,2016,"Sunday, Sep 4",September,boxscore,BAL,,NYY,L,2,5,,74-62,3,3,Severino,Miley,Betances,3:17,0,"31,161",4-Sep,vs NYY,1,L 5-2,4,0,1,0,0,0,0,0,1,0,0,0.357,0.563,0.923,0.306146,2016,"Thursday, Sep 15",September,boxscore,BAL,,TBR,L,6,7,,80-66,2,2,Boxberger,Gallardo,Colome,3:27,1,"19,233",15-Sep,vs TB,1,L 7-6,5,1,2,0,0,0,0,0,1,0,0,0.356,0.558,0.917,0.305147,2016,"Friday, Sep 16",September,boxscore,BAL,,TBR,W,5,4,,81-66,2,2,Brach,Boxberger,Britton,2:44,1,"30,094",16-Sep,vs TB,1,W 5-4,4,0,0,0,0,0,0,0,2,0,0,0.354,0.554,0.915,0.305148,2016,"Saturday, Sep 17",September,boxscore,BAL,,TBR,L,2,5,,81-67,2,3,Andriese,Tillman,Colome,3:00,1,"27,823",17-Sep,vs TB,1,L 5-2,3,0,1,0,0,0,1,0,1,0,0,0.353,0.553,0.914,0.306149,2016,"Sunday, Sep 18",September,boxscore,BAL,,TBR,W,2,1,,82-67,2,3,Brach,Garton,Britton,3:01,0,"28,427",18-Sep,vs TB,1,W 2-1,4,1,1,0,0,1,1,0,0,0,0,0.353,0.556,0.908,0.304150,2016,"Monday, Sep 19",September,boxscore,BAL,,BOS,L,2,5,,82-68,2,4,Porcello,Bundy,,2:33,1,"18,456",19-Sep,vs BOS,1,L 5-2,3,1,0,0,0,0,0,0,2,0,0,0.352,0.553,0.906,0.304151,2016,"Tuesday, Sep 20",September,boxscore,BAL,,BOS,L,2,5,,82-69,3,5,Rodriguez,Gausman,Kimbrel,3:14,1,"20,387",20-Sep,vs BOS,1,L 5-2,3,0,0,0,0,0,0,1,0,0,0,0.351,0.55,0.909,0.303152,2016,"Wednesday, Sep 21",September,boxscore,BAL,,BOS,L,1,5,,82-70,3,6,Buchholz,Jimenez,,2:55,1,"20,865",21-Sep,vs BOS,1,L 5-1,4,0,0,0,0,0,0,0,1,0,0,0.349,0.547,0.905,0.302153,2016,"Thursday, Sep 22",September,boxscore,BAL,,BOS,L,3,5,,82-71,3,7,Price,Worley,Kimbrel,3:19,1,"26,788",22-Sep,vs BOS,1,L 5-3,4,1,2,0,0,0,0,0,0,0,0,0.35,0.546,0.901,0.3154,2016,"Friday, Sep 23",September,boxscore,BAL,,ARI,W-wo,3,2,12,83-71,3,7,Drake,Koch,,4:00,1,"37,815",23-Sep,vs ARI,1,W 3-2,5,0,1,0,0,0,0,1,1,0,0,0.35,0.544,0.896,0.298155,2016,"Saturday, Sep 24",September,boxscore,BAL,,ARI,W,6,1,,84-71,3,7,Miley,Ray,,2:36,1,"40,610",24-Sep,vs ARI,1,W 6-1,4,0,2,0,0,0,1,0,0,0,0,0.351,0.543,0.896,0.3156,2016,"Sunday, Sep 25",September,boxscore,BAL,,ARI,W,2,1,,85-71,3,7,Bundy,Shipley,Britton,2:43,0,"31,229",25-Sep,vs ARI,1,W 2-1,4,0,2,1,0,0,0,0,0,0,0,0.352,0.545,0.894,0.2994,2015,"Friday, Apr 10",April,boxscore,BAL,,TOR,L,5,12,,2-2,3,1,Buehrle,Norris,,2:45,0,"45,936",10-Apr,vs TOR,1,L 12-5,3,0,0,0,0,0,0,1,0,0,0,0.133,0,0.133,05,2015,"Saturday, Apr 11",April,boxscore,BAL,,TOR,W,7,1,,3-2,2,1,Jimenez,Sanchez,,2:34,1,"38,897",11-Apr,vs TOR,1,W 7-1,3,1,0,0,0,0,0,1,0,0,0,0.158,0,0.158,06,2015,"Sunday, Apr 12",April,boxscore,BAL,,TOR,L,7,10,,3-3,3,1,Loup,Tillman,Castro,3:17,0,"32,522",12-Apr,vs TOR,1,L 10-7,4,0,1,0,0,0,0,0,2,1,0,0.174,0.053,0.227,0.0537,2015,"Monday, Apr 13",April,boxscore,BAL,,NYY,L,5,6,,3-4,4,2,Pineda,Hunter,Miller,3:09,1,"21,633",13-Apr,vs NYY,1,L 6-5,4,2,2,1,0,0,1,0,1,0,0,0.222,0.174,0.396,0.138,2015,"Tuesday, Apr 14",April,boxscore,BAL,,NYY,W,4,3,,4-4,3,2,Gonzalez,Sabathia,Britton,2:29,1,"19,283",14-Apr,vs NYY,1,W 4-3,4,0,1,0,0,0,0,0,0,0,0,0.226,0.185,0.411,0.1489,2015,"Wednesday, Apr 15",April,boxscore,BAL,,NYY,W,7,5,,5-4,2,1,Brach,Carpenter,Britton,3:14,1,"23,409",15-Apr,vs NYY,1,W 7-5,4,1,1,0,0,1,1,1,2,0,0,0.25,0.29,0.54,0.16117,2015,"Friday, Apr 24",April,boxscore,BAL,,BOS,L,5,7,,7-10,5,3,Ogando,Matusz,Uehara,3:29,1,"37,359",24-Apr,vs BOS,1,L 7-5,5,1,1,0,0,0,0,0,2,0,0,0.275,0.4,0.675,0.21718,2015,"Saturday, Apr 25",April,boxscore,BAL,,BOS,W-wo,5,4,10,8-10,5,2,Matusz,Uehara,,2:57,1,"36,757",25-Apr,vs BOS,1,W 5-4,3,0,2,1,0,0,0,1,0,1,0,0.301,0.429,0.73,0.23819,2015,"Sunday, Apr 26",April,boxscore,BAL,,BOS,W,18,7,,9-10,4,2,Norris,Miley,,3:13,0,"43,802",26-Apr,vs BOS,1,W 18-7,4,2,0,0,0,0,0,2,1,0,0,0.304,0.403,0.707,0.22420,2015,"Wednesday, Apr 29",April,boxscore,BAL,,CHW,W,8,2,,10-10,4,2,Jimenez,Samardzija,,2:03,0,,29-Apr,vs CHW,1,W 8-2,4,3,3,1,0,1,1,0,0,0,0,0.325,0.479,0.804,0.25430,2015,"Monday, May 11",May,boxscore,BAL,,TOR,W,5,2,,14-16,4,5.5,Jimenez,Estrada,Britton,2:43,1,"20,468",11-May,vs TOR,1,W 5-2,4,1,1,0,0,1,1,0,0,0,0,0.341,0.486,0.827,0.27131,2015,"Tuesday, May 12",May,boxscore,BAL,,TOR,L,2,10,,14-17,4,5.5,Buehrle,Tillman,,2:37,1,"17,319",12-May,vs TOR,1,L 10-2,4,1,3,2,0,0,0,0,0,0,0,0.354,0.514,0.868,0.28832,2015,"Wednesday, May 13",May,boxscore,BAL,,TOR,W,6,1,,15-17,4,4.5,Gonzalez,Sanchez,O'Day,2:39,1,"24,654",13-May,vs TOR,1,W 6-1,5,1,1,1,0,0,1,0,0,0,0,0.348,0.509,0.857,0.28433,2015,"Friday, May 15",May,boxscore,BAL,,LAA,L,1,3,,15-18,4,4,Weaver,Chen,Street,2:23,1,"35,470",15-May,vs LAA,1,L 3-1,4,0,1,0,0,0,0,0,0,0,0,0.346,0.5,0.846,0.28334,2015,"Saturday, May 16",May,boxscore,BAL,,LAA,L,1,6,,15-19,4,5,Shoemaker,Jimenez,,2:28,1,"29,102",16-May,vs LAA,1,L 6-1,4,0,0,0,0,0,0,0,2,0,0,0.336,0.484,0.82,0.27435,2015,"Sunday, May 17",May,boxscore,BAL,,LAA,W,3,0,,16-19,4,4,Wright,Richards,Britton,2:20,0,"41,733",17-May,vs LAA,1,W 3-0,3,1,1,0,0,0,0,1,1,0,0,0.34,0.48,0.82,0.27636,2015,"Tuesday, May 19",May,boxscore,BAL,,SEA,W,9,4,,17-19,4,3,Gonzalez,Farquhar,,2:42,1,"19,494",19-May,vs SEA,1,W 9-4,4,2,1,0,0,0,0,1,0,2,0,0.342,0.473,0.815,0.27537,2015,"Wednesday, May 20",May,boxscore,BAL,,SEA,L,2,4,,17-20,4,3,Elias,Chen,Rodney,2:38,1,"21,710",20-May,vs SEA,1,L 4-2,4,0,2,0,0,0,0,0,0,0,0,0.346,0.474,0.82,0.28138,2015,"Thursday, May 21",May,boxscore,BAL,,SEA,W,5,4,,18-20,3,3,Hunter,Farquhar,Britton,3:30,0,"33,085",21-May,vs SEA,1,W 5-4,4,0,1,0,0,0,0,0,2,0,0,0.344,0.468,0.812,0.28142,2015,"Monday, May 25",May,boxscore,BAL,,HOU,W,4,3,,20-22,3,2,Brach,Keuchel,Britton,2:20,0,"28,909",25-May,vs HOU,1,W 4-3,3,0,1,0,0,0,0,1,0,0,0,0.35,0.471,0.821,0.28743,2015,"Tuesday, May 26",May,boxscore,BAL,,HOU,L,1,4,,20-23,3,2.5,Feldman,Tillman,Gregerson,2:50,1,"21,541",26-May,vs HOU,1,L 4-1,4,0,0,0,0,0,0,0,0,0,0,0.343,0.46,0.803,0.2844,2015,"Wednesday, May 27",May,boxscore,BAL,,HOU,W,5,4,,21-23,3,2.5,Brach,Sipp,Britton,2:26,1,"16,401",27-May,vs HOU,1,W 5-4,4,0,1,0,0,0,0,0,2,0,0,0.341,0.455,0.796,0.27945,2015,"Thursday, May 28 (1)",May,boxscore,BAL,,CHW,L,2,3,,21-24,3,2,Sale,Wilson,Petricka,2:51,0,,28-May,vs CHW,1,L 3-2,4,0,0,0,0,0,0,0,3,0,0,0.333,0.444,0.777,0.27246,2015,"Thursday, May 28 (2)",May,boxscore,BAL,,CHW,W,6,3,,22-24,3,2,Wright,Beck,Britton,2:48,0,"18,441",28-May,vs CHW,1,W 6-3,4,1,1,0,1,0,0,1,1,0,0,0.335,0.451,0.786,0.27247,2015,"Friday, May 29",May,boxscore,BAL,,TBR,W-wo,2,1,,23-24,2,1,O'Day,Gomes,,2:43,1,"45,505",29-May,vs TB,1,W 2-1,4,0,0,0,0,0,0,0,1,0,0,0.328,0.441,0.769,0.26648,2015,"Saturday, May 30",May,boxscore,BAL,,TBR,L,0,3,,23-25,3,2,Ramirez,Chen,Boxberger,2:09,0,"38,177",30-May,vs TB,1,L 3-0,3,0,0,0,0,0,0,1,2,0,0,0.327,0.433,0.76,0.26149,2015,"Sunday, May 31",May,boxscore,BAL,,TBR,L,5,9,,23-26,3,2,Odorizzi,Tillman,Boxberger,3:24,0,"36,945",31-May,vs TB,1,L 9-5,5,2,3,0,0,2,3,0,0,0,0,0.333,0.47,0.803,0.2757,2015,"Tuesday, Jun 9",June,boxscore,BAL,,BOS,W,1,0,,27-30,4,5.5,Roe,Barnes,Britton,3:08,1,"28,460",9-Jun,vs BOS,1,W 1-0,4,0,1,0,0,0,0,0,0,0,0,0.321,0.45,0.771,0.26658,2015,"Wednesday, Jun 10",June,boxscore,BAL,,BOS,W,5,2,,28-30,4,4.5,Chen,Porcello,O'Day,2:36,1,"22,201",10-Jun,vs BOS,1,W 5-2,4,1,2,1,0,0,0,0,1,0,0,0.324,0.455,0.779,0.2759,2015,"Thursday, Jun 11",June,boxscore,BAL,,BOS,W,6,5,,29-30,4,4,Tillman,Miley,Britton,2:39,1,"22,840",11-Jun,vs BOS,1,W 6-5,4,2,2,0,0,1,1,0,0,0,0,0.327,0.469,0.796,0.27460,2015,"Friday, Jun 12",June,boxscore,BAL,,NYY,W,11,3,,30-30,4,3,Jimenez,Pineda,,3:18,1,"33,203",12-Jun,vs NYY,1,W 11-3,4,3,2,0,0,0,0,1,1,0,0,0.332,0.47,0.802,0.27861,2015,"Saturday, Jun 13",June,boxscore,BAL,,NYY,W,9,4,,31-30,4,2,Roe,Martin,,3:14,1,"38,909",13-Jun,vs NYY,1,W 9-4,5,2,3,0,0,1,4,0,0,0,0,0.337,0.485,0.822,0.28562,2015,"Sunday, Jun 14",June,boxscore,BAL,,NYY,L,3,5,,31-31,4,3,Shreve,Wright,Betances,3:29,0,"36,343",14-Jun,vs NYY,1,L 5-3,3,1,1,0,0,0,0,2,0,0,0,0.342,0.483,0.825,0.28663,2015,"Monday, Jun 15",June,boxscore,BAL,,PHI,W,4,0,,32-31,4,3,Chen,Harang,,2:09,1,"23,730",15-Jun,vs PHI,1,W 4-0,3,0,0,0,0,0,0,1,0,1,0,0.341,0.477,0.818,0.28264,2015,"Tuesday, Jun 16",June,boxscore,BAL,,PHI,W,19,3,,33-31,3,2,Tillman,Williams,,3:11,1,"26,964",16-Jun,vs PHI,1,W 19-3,4,3,3,0,0,2,3,1,0,0,0,0.349,0.506,0.855,0.2973,2015,"Friday, Jun 26",June,boxscore,BAL,,CLE,W,4,3,,39-34,3,1,O'Day,Rzepczynski,Britton,2:47,1,"31,112",26-Jun,vs CLE,1,W 4-3,4,0,1,0,0,0,0,0,1,0,0,0.36,0.511,0.871,0.30374,2015,"Sunday, Jun 28 (1)",June,boxscore,BAL,,CLE,W,4,0,,40-34,1,Tied,Jimenez,Bauer,,2:21,0,"45,675",28-Jun,vs CLE,1,W 4-0,4,1,2,1,0,1,1,0,0,0,0,0.362,0.524,0.886,0.30675,2015,"Sunday, Jun 28 (2)",June,boxscore,BAL,,CLE,W,8,0,,41-34,1,Tied,Tillman,Murata,,2:46,1,"40,006",28-Jun,vs CLE,1,W 8-0,4,1,1,1,0,0,2,1,1,0,0,0.362,0.524,0.886,0.30576,2015,"Monday, Jun 29",June,boxscore,BAL,,TEX,L,1,8,,41-35,1,Tied,Rodriguez,Norris,,3:11,1,"21,565",29-Jun,vs TEX,1,L 8-1,4,0,2,1,0,0,0,0,1,0,0,0.364,0.527,0.891,0.30777,2015,"Tuesday, Jun 30",June,boxscore,BAL,,TEX,L,6,8,,41-36,1,Tied,Lewis,Gonzalez,Tolleson,2:44,1,"27,370",30-Jun,vs TEX,1,L 8-6,4,1,1,0,0,1,1,0,0,0,0,0.363,0.533,0.896,0.30778,2015,"Wednesday, Jul 1",July,boxscore,BAL,,TEX,W,4,2,,42-36,1,up 0.5,Chen,Martinez,Britton,2:18,1,"23,019",1-Jul,vs TEX,1,W 4-2,4,0,0,0,0,0,0,0,1,0,0,0.358,0.526,0.884,0.30379,2015,"Thursday, Jul 2",July,boxscore,BAL,,TEX,L,0,2,,42-37,1,Tied,Kela,Roe,Tolleson,2:55,1,"31,915",2-Jul,vs TEX,1,L 2-0,4,0,1,0,0,0,0,0,0,0,0,0.357,0.523,0.88,0.30286,2015,"Friday, Jul 10",July,boxscore,BAL,,WSN,W-wo,3,2,,44-42,2,3,Britton,Roark,,3:12,1,"46,289",10-Jul,vs WSH,1,W 3-2,3,0,1,0,0,0,0,1,0,0,1,0.361,0.533,0.894,0.30187,2015,"Saturday, Jul 11",July,boxscore,BAL,,WSN,L,4,7,,44-43,2,3,Zimmermann,Gonzalez,Storen,3:05,1,"44,495",11-Jul,vs WSH,1,L 7-4,3,1,1,0,0,0,0,2,1,0,0,0.365,0.531,0.896,0.30188,2015,"Sunday, Jul 12",July,boxscore,BAL,,WSN,L,2,3,,44-44,3,4,Scherzer,Chen,Storen,2:21,0,"46,247",12-Jul,vs WSH,1,L 3-2,4,0,0,0,0,0,0,0,1,0,0,0.361,0.525,0.886,0.29898,2015,"Monday, Jul 27",July,boxscore,BAL,,ATL,W-wo,2,1,11,49-49,2,7,Brach,Avilan,,3:20,1,"26,256",27-Jul,vs ATL,1,W 2-1,5,0,0,0,0,0,0,0,2,0,0,0.361,0.517,0.878,0.29199,2015,"Tuesday, Jul 28",July,boxscore,BAL,,ATL,W,7,3,,50-49,2,7,Jimenez,Teheran,,2:53,1,"28,592",28-Jul,vs ATL,1,W 7-3,5,2,1,0,0,0,0,0,1,0,0,0.359,0.513,0.872,0.289100,2015,"Wednesday, Jul 29",July,boxscore,BAL,,ATL,W,2,0,,51-49,2,6,Tillman,Foltynewicz,Britton,2:15,1,"29,328",29-Jul,vs ATL,1,W 2-0,4,0,2,0,0,0,0,0,1,0,0,0.36,0.513,0.873,0.292101,2015,"Thursday, Jul 30",July,boxscore,BAL,,DET,L,8,9,,51-50,2,6,Simon,Gonzalez,Wilson,3:36,1,"30,136",30-Jul,vs DET,1,L 9-8,5,1,1,0,0,0,1,0,0,0,0,0.359,0.509,0.868,0.29102,2015,"Friday, Jul 31",July,boxscore,BAL,,DET,W,8,7,,52-50,2,6,Givens,Valdez,Britton,3:30,1,"36,985",31-Jul,vs DET,1,W 8-7,3,2,2,0,0,1,2,1,0,0,0,0.364,0.518,0.882,0.293103,2015,"Saturday, Aug 1",August,boxscore,BAL,,DET,W,6,2,,53-50,2,5,Gausman,Sanchez,,2:36,1,"45,968",1-Aug,vs DET,1,W 6-2,4,2,2,0,0,1,1,0,0,1,0,0.365,0.525,0.89,0.295104,2015,"Sunday, Aug 2",August,boxscore,BAL,,DET,L,1,6,,53-51,2,6,Norris,Jimenez,,2:32,0,"33,381",2-Aug,vs DET,1,L 6-1,4,0,0,0,0,0,0,0,1,0,0,0.362,0.52,0.882,0.293114,2015,"Friday, Aug 14",August,boxscore,BAL,,OAK,W-wo,8,6,13,58-56,3,5,Garcia,Pomeranz,,4:27,1,"36,784",14-Aug,vs OAK,1,W 8-6,6,2,2,0,0,1,2,1,1,0,0,0.364,0.52,0.884,0.298115,2015,"Saturday, Aug 15",August,boxscore,BAL,,OAK,W-wo,4,3,,59-56,3,5,Britton,Venditte,,2:25,1,"44,028",15-Aug,vs OAK,1,W 4-3,4,0,0,0,0,0,0,0,1,0,0,0.361,0.516,0.877,0.296116,2015,"Sunday, Aug 16",August,boxscore,BAL,,OAK,W,18,2,,60-56,3,4,Chen,Graveman,,3:09,0,"28,228",16-Aug,vs OAK,1,W 18-2,5,2,3,2,0,0,3,0,0,0,0,0.364,0.521,0.885,0.299117,2015,"Monday, Aug 17",August,boxscore,BAL,,OAK,W,4,2,,61-56,3,4,Tillman,Gray,Britton,2:35,1,"22,766",17-Aug,vs OAK,1,W 4-2,3,0,1,0,0,0,0,1,0,0,0,0.365,0.52,0.885,0.299118,2015,"Tuesday, Aug 18",August,boxscore,BAL,,NYM,L,3,5,,61-57,3,5,deGrom,Gausman,Familia,2:59,1,"34,068",18-Aug,vs NYM,1,L 5-3,4,0,1,0,0,0,0,1,0,0,0,0.365,0.517,0.882,0.299119,2015,"Wednesday, Aug 19",August,boxscore,BAL,,NYM,W-wo,5,4,,62-57,3,5,Britton,Torres,,3:01,1,"36,165",19-Aug,vs NYM,1,W 5-4,4,0,2,1,0,0,0,0,2,1,0,0.366,0.519,0.885,0.3120,2015,"Thursday, Aug 20",August,boxscore,BAL,,MIN,L,2,15,,62-58,3,5,Duffey,Gonzalez,,2:51,1,"20,109",20-Aug,vs MIN,1,L 15-2,3,0,0,0,0,0,0,0,0,0,0,0.364,0.516,0.88,0.299121,2015,"Friday, Aug 21",August,boxscore,BAL,,MIN,L,3,4,,62-59,3,5,Fien,O'Day,Jepsen,3:06,1,"32,025",21-Aug,vs MIN,1,L 4-3,4,1,1,0,0,0,0,0,0,0,0,0.363,0.514,0.877,0.298122,2015,"Saturday, Aug 22",August,boxscore,BAL,,MIN,L,2,3,,62-60,3,6,Fien,Tillman,Jepsen,3:01,1,"35,301",22-Aug,vs MIN,1,L 3-2,5,0,1,0,0,0,0,0,1,0,0,0.362,0.51,0.872,0.297123,2015,"Sunday, Aug 23",August,boxscore,BAL,,MIN,L,3,4,12,62-61,3,6.5,Perkins,Matusz,Milone,4:24,0,"35,144",23-Aug,vs MIN,1,L 4-3,5,0,1,0,0,0,0,1,0,0,0,0.361,0.507,0.868,0.296131,2015,"Monday, Aug 31",August,boxscore,BAL,,TBR,L,3,6,,63-68,4,11,Archer,Chen,Boxberger,3:03,1,"19,841",31-Aug,vs TB,1,L 6-3,5,1,2,0,0,0,0,0,1,0,0,0.355,0.495,0.85,0.29132,2015,"Tuesday, Sep 1",September,boxscore,BAL,,TBR,L,2,11,,63-69,4,12,Smyly,Tillman,,3:01,1,"22,987",1-Sep,vs TB,1,L 11-2,3,0,1,1,0,0,0,0,0,1,0,0.355,0.496,0.851,0.29133,2015,"Wednesday, Sep 2",September,boxscore,BAL,,TBR,W-wo,7,6,11,64-69,4,12,Brach,Andriese,,3:36,1,"15,963",2-Sep,vs TB,1,W 7-6,5,1,2,0,0,0,1,0,0,0,0,0.356,0.495,0.851,0.291140,2015,"Friday, Sep 11",September,boxscore,BAL,,KCR,W,14,8,,68-72,4,12,Givens,Herrera,,3:59,1,"45,420",11-Sep,vs KC,1,W 14-8,3,2,1,0,0,1,1,2,1,0,0,0.358,0.499,0.857,0.29141,2015,"Saturday, Sep 12",September,boxscore,BAL,,KCR,L,6,14,,68-73,4,13.5,Ventura,Matusz,,3:40,0,"35,439",12-Sep,vs KC,1,L 14-6,2,2,2,0,0,0,0,2,0,0,0,0.363,0.501,0.864,0.293142,2015,"Sunday, Sep 13",September,boxscore,BAL,,KCR,W,8,2,,69-73,3,12.5,Chen,Cueto,,2:37,1,"22,496",13-Sep,vs KC,1,W 8-2,4,1,0,0,0,0,1,1,1,0,0,0.362,0.497,0.859,0.291143,2015,"Monday, Sep 14",September,boxscore,BAL,,BOS,W,2,0,,70-73,3,12,Gausman,Rodriguez,Britton,2:56,1,"19,666",14-Sep,vs BOS,1,W 2-0,3,0,0,0,0,0,0,1,2,0,0,0.361,0.495,0.856,0.289144,2015,"Tuesday, Sep 15",September,boxscore,BAL,,BOS,W-wo,6,5,13,71-73,3,11,Roe,Aro,,4:20,1,"21,260",15-Sep,vs BOS,1,W 6-5,5,2,2,0,0,1,1,1,1,0,0,0.362,0.499,0.861,0.29145,2015,"Wednesday, Sep 16",September,boxscore,BAL,,BOS,L,1,10,,71-74,3,12,Owens,Wright,,2:51,1,"22,642",16-Sep,vs BOS,1,L 10-1,3,0,1,0,0,0,0,0,0,0,0,0.362,0.498,0.86,0.29156,2015,"Monday, Sep 28",September,boxscore,BAL,,TOR,L,3,4,,76-80,3,15,Cecil,Brach,Osuna,2:36,1,"19,093",28-Sep,vs TOR,1,L 4-3,4,0,0,0,0,0,0,0,0,0,0,0.359,0.486,0.845,0.286157,2015,"Wednesday, Sep 30 (1)",September,boxscore,BAL,,TOR,L,2,15,,76-81,4,15,Stroman,Gonzalez,,3:17,0,,30-Sep,vs TOR,1,L 15-2,3,0,0,0,0,0,0,0,1,0,0,0.358,0.484,0.842,0.284158,2015,"Wednesday, Sep 30 (2)",September,boxscore,BAL,,TOR,W,8,1,,77-81,4,15,Gausman,Tepera,,2:23,1,"26,330",30-Sep,vs TOR,1,W 8-1,4,1,1,0,0,1,1,0,0,0,0,0.357,0.487,0.844,0.284159,2015,"Thursday, Oct 1",October,boxscore,BAL,,TOR,W,6,4,,78-81,3,14,McFarland,Hutchison,Britton,3:12,0,"18,257",1-Oct,vs TOR,1,W 6-4,4,3,3,0,0,2,3,1,0,2,0,0.36,0.498,0.858,0.287160,2015,"Saturday, Oct 3 (1)",October,boxscore,BAL,,NYY,W,9,2,,79-81,3,13,Chen,Nova,,3:15,0,"29,227",3-Oct,vs NYY,1,W 9-2,5,2,2,0,0,1,3,0,0,0,0,0.36,0.502,0.862,0.288161,2015,"Saturday, Oct 3 (2)",October,boxscore,BAL,,NYY,W,4,3,,80-81,3,13,McFarland,Betances,Britton,2:31,1,"35,198",3-Oct,vs NYY,1,W 4-3,4,1,1,0,0,1,1,0,3,0,0,0.36,0.506,0.866,0.288162,2015,"Sunday, Oct 4",October,boxscore,BAL,,NYY,W,9,4,,81-81,3,12,Tillman,Pineda,,3:39,0,"33,224",4-Oct,vs NYY,1,W 9-4,4,1,0,0,0,0,0,1,1,0,0,0.359,0.502,0.861,0.2861,2014,"Monday, Mar 31",March,boxscore,BAL,,BOS,W,2,1,,1-0,1,Tied,Britton,Lester,Hunter,2:53,0,"46,685",31-Mar,vs BOS,0,W 2-1,Did not play,,,,,,,,,,,,,,2,2014,"Wednesday, Apr 2",April,boxscore,BAL,,BOS,L,2,6,,1-1,2,0.5,Lackey,Jimenez,,2:43,1,"25,708",2-Apr,vs BOS,0,L 6-2,Did not play,,,,,,,,,,,,,,3,2014,"Thursday, Apr 3",April,boxscore,BAL,,BOS,L,3,4,,1-2,4,1,Doubront,Chen,Uehara,2:55,1,"20,880",3-Apr,vs BOS,0,L 4-3,Did not play,,,,,,,,,,,,,,10,2014,"Friday, Apr 11",April,boxscore,BAL,,TOR,L,0,2,,4-6,5,1.5,McGowan,Tillman,Santos,2:20,1,"22,327",11-Apr,vs TOR,0,L 2-0,Did not play,,,,,,,,,,,,,,11,2014,"Saturday, Apr 12",April,boxscore,BAL,,TOR,W-wo,2,1,12,5-6,4,1.5,Britton,Redmond,,3:39,1,"30,446",12-Apr,vs TOR,0,W 2-1,Did not play,,,,,,,,,,,,,,12,2014,"Sunday, Apr 13",April,boxscore,BAL,,TOR,L,3,11,,5-7,4,1.5,Buehrle,Jimenez,,2:45,0,"39,281",13-Apr,vs TOR,0,L 11-3,Did not play,,,,,,,,,,,,,,13,2014,"Monday, Apr 14",April,boxscore,BAL,,TBR,W,7,1,,6-7,4,1,Chen,Archer,,2:46,1,"15,799",14-Apr,vs TB,0,W 7-1,Did not play,,,,,,,,,,,,,,14,2014,"Wednesday, Apr 16",April,boxscore,BAL,,TBR,W,3,0,,7-7,3,1.5,Gonzalez,Odorizzi,Hunter,2:53,0,"22,611",16-Apr,vs TB,0,W 3-0,Did not play,,,,,,,,,,,,,,22,2014,"Friday, Apr 25",April,boxscore,BAL,,KCR,L,0,5,,11-11,2,1.5,Ventura,Jimenez,,2:40,1,"22,478",25-Apr,vs KC,0,L 5-0,Did not play,,,,,,,,,,,,,,23,2014,"Saturday, Apr 26",April,boxscore,BAL,,KCR,W-wo,3,2,10,12-11,2,1.5,Britton,Duffy,,3:09,1,"34,941",26-Apr,vs KC,0,W 3-2,Did not play,,,,,,,,,,,,,,24,2014,"Sunday, Apr 27",April,boxscore,BAL,,KCR,L,3,9,,12-12,2,2.5,Shields,Gonzalez,,3:08,0,"38,368",27-Apr,vs KC,0,L 9-3,Did not play,,,,,,,,,,,,,,25,2014,"Thursday, May 1 (1)",May,boxscore,BAL,,PIT,W,5,1,,13-12,2,0.5,Norris,Morton,Hunter,3:08,0,,1-May,vs PIT,0,W 5-1,Did not play,,,,,,,,,,,,,,26,2014,"Thursday, May 1 (2)",May,boxscore,BAL,,PIT,W-wo,6,5,10,14-12,2,0.5,Hunter,Pimentel,,3:57,1,"28,290",1-May,vs PIT,1,W 6-5,5,0,0,0,0,0,0,0,0,0,0,0,0,0,033,2014,"Friday, May 9",May,boxscore,BAL,,HOU,W,4,3,,19-14,1,up 0.5,Chen,Williams,Hunter,2:29,1,"28,875",9-May,vs HOU,1,W 4-3,4,1,1,0,0,1,1,0,1,0,0,0.235,0.258,0.493,0.16134,2014,"Saturday, May 10",May,boxscore,BAL,,HOU,W-wo,5,4,10,20-14,1,up 1.5,Webb,Clemens,,3:29,1,"26,264",10-May,vs HOU,1,W 5-4,4,0,0,0,0,0,0,1,1,0,0,0.231,0.229,0.46,0.14335,2014,"Sunday, May 11",May,boxscore,BAL,,HOU,L,2,5,,20-15,1,up 1.5,Cosart,Tillman,Qualls,3:21,0,"45,944",11-May,vs HOU,1,L 5-2,4,1,2,0,0,0,0,0,2,0,0,0.256,0.256,0.512,0.17936,2014,"Monday, May 12",May,boxscore,BAL,,DET,L,1,4,,20-16,1,up 1.5,Porcello,Norris,Nathan,2:48,1,"24,517",12-May,vs DET,1,L 4-1,4,0,1,0,0,0,0,0,1,0,0,0.255,0.256,0.511,0.18637,2014,"Tuesday, May 13",May,boxscore,BAL,,DET,L,1,4,,20-17,1,up 1.5,Miller,Hunter,Nathan,2:57,1,"29,950",13-May,vs DET,1,L 4-1,4,0,1,0,0,0,0,0,0,0,0,0.255,0.255,0.51,0.19138,2014,"Wednesday, May 14",May,boxscore,BAL,,DET,L,5,7,,20-18,1,up 0.5,Verlander,Gausman,Nathan,3:27,0,"36,727",14-May,vs DET,1,L 7-5,4,1,0,0,0,0,0,1,2,0,0,0.25,0.235,0.485,0.17645,2014,"Thursday, May 22",May,boxscore,BAL,,CLE,L,7,8,13,23-22,3,1.5,Outman,Patton,Atchison,4:22,1,"18,894",22-May,vs CLE,1,L 8-7,6,1,1,0,0,0,0,0,1,0,0,0.27,0.277,0.547,0.22946,2014,"Friday, May 23",May,boxscore,BAL,,CLE,W,8,4,,24-22,2,1.5,Norris,House,,2:43,1,"39,602",23-May,vs CLE,0,W 8-4,Did not play,,,,,,,,,,,,,,47,2014,"Saturday, May 24",May,boxscore,BAL,,CLE,L,0,9,,24-23,3,2.5,Kluber,Jimenez,,3:05,0,"36,873",24-May,vs CLE,0,L 9-0,Did not play,,,,,,,,,,,,,,48,2014,"Sunday, May 25",May,boxscore,BAL,,CLE,W,4,2,,25-23,3,2.5,Gonzalez,Bauer,Britton,3:12,0,"37,649",25-May,vs CLE,1,W 4-2,2,1,1,0,0,1,1,2,1,0,0,0.29,0.318,0.608,0.23559,2014,"Friday, Jun 6",June,boxscore,BAL,,OAK,L,3,4,11,30-29,3,6.5,Abad,Meek,Doolittle,3:36,1,"28,076",6-Jun,vs OAK,1,L 4-3,4,1,2,0,0,1,1,0,1,0,0,0.298,0.362,0.66,0.24660,2014,"Saturday, Jun 7",June,boxscore,BAL,,OAK,W,6,3,,31-29,2,5.5,Gausman,Gray,,2:51,1,"44,202",7-Jun,vs OAK,1,W 6-3,3,0,0,0,0,0,0,1,1,0,0,0.297,0.353,0.65,0.24161,2014,"Sunday, Jun 8",June,boxscore,BAL,,OAK,L,1,11,,31-30,2,5.5,Kazmir,Jimenez,,3:27,0,"38,244",8-Jun,vs OAK,1,L 11-1,3,0,0,0,0,0,0,0,2,0,0,0.291,0.346,0.637,0.23562,2014,"Monday, Jun 9",June,boxscore,BAL,,BOS,W,4,0,,32-30,2,5.5,Norris,Peavy,,2:21,1,"19,729",9-Jun,vs BOS,1,W 4-0,4,0,0,0,0,0,0,0,2,0,0,0.283,0.336,0.619,0.22963,2014,"Tuesday, Jun 10",June,boxscore,BAL,,BOS,L,0,1,,32-31,2,5.5,Workman,Tillman,Uehara,2:32,1,"24,184",10-Jun,vs BOS,1,L 1-0,4,0,0,0,0,0,0,0,1,0,0,0.276,0.326,0.602,0.22264,2014,"Wednesday, Jun 11",June,boxscore,BAL,,BOS,W,6,0,,33-31,2,4.5,Chen,De La Rosa,,2:49,1,"25,886",11-Jun,vs BOS,1,W 6-0,3,0,0,0,0,0,0,1,1,0,0,0.275,0.32,0.595,0.21865,2014,"Thursday, Jun 12",June,boxscore,BAL,,TOR,W,4,2,,34-31,2,3.5,Gausman,Buehrle,Britton,2:59,1,"17,403",12-Jun,vs TOR,1,W 4-2,3,1,1,1,0,0,0,1,0,0,0,0.28,0.327,0.607,0.2266,2014,"Friday, Jun 13",June,boxscore,BAL,,TOR,L,0,4,,34-32,3,4.5,Hutchison,Jimenez,McGowan,2:44,1,"44,031",13-Jun,vs TOR,1,L 4-0,4,0,3,1,0,0,0,0,0,0,0,0.292,0.344,0.636,0.23467,2014,"Saturday, Jun 14",June,boxscore,BAL,,TOR,W,3,2,,35-32,2,3.5,Norris,Dickey,Britton,3:02,0,"33,901",14-Jun,vs TOR,1,W 3-2,4,0,2,1,0,0,0,0,0,0,0,0.297,0.354,0.651,0.24168,2014,"Sunday, Jun 15",June,boxscore,BAL,,TOR,L,2,5,,35-33,2,4.5,Happ,Tillman,Janssen,3:07,0,"46,469",15-Jun,vs TOR,1,L 5-2,4,0,0,0,0,0,0,0,1,0,0,0.29,0.346,0.636,0.23575,2014,"Monday, Jun 23",June,boxscore,BAL,,CHW,W-wo,6,4,,40-35,2,1.5,Brach,Belisario,,3:08,1,"17,931",23-Jun,vs CHW,1,W 6-4,4,0,1,0,0,0,0,0,0,0,0,0.278,0.33,0.608,0.2376,2014,"Tuesday, Jun 24",June,boxscore,BAL,,CHW,L,2,4,,40-36,2,2.5,Quintana,Gonzalez,Belisario,3:09,1,"20,596",24-Jun,vs CHW,1,L 4-2,3,0,2,0,0,0,0,1,0,0,0,0.287,0.335,0.622,0.23777,2014,"Wednesday, Jun 25",June,boxscore,BAL,,CHW,W-wo,5,4,12,41-36,2,1.5,Hunter,Webb,,4:03,1,"22,020",25-Jun,vs CHW,1,W 5-4,5,0,1,0,0,0,0,0,1,0,0,0.285,0.332,0.617,0.23678,2014,"Friday, Jun 27 (1)",June,boxscore,BAL,,TBR,L,2,5,,41-37,2,1.5,Colome,Gausman,McGee,3:14,0,"15,614",27-Jun,vs TB,1,L 5-2,3,1,2,0,0,1,1,0,0,0,0,0.29,0.351,0.641,0.24379,2014,"Friday, Jun 27 (2)",June,boxscore,BAL,,TBR,W,4,1,,42-37,2,1.5,Tillman,Oviedo,Britton,3:05,1,"34,895",27-Jun,vs TB,1,W 4-1,3,0,0,0,0,0,0,2,1,0,0,0.293,0.346,0.639,0.23980,2014,"Saturday, Jun 28",June,boxscore,BAL,,TBR,L,4,5,,42-38,2,1.5,Bedard,Chen,McGee,3:13,0,"36,387",28-Jun,vs TB,1,L 5-4,4,1,1,0,0,1,2,0,2,0,0,0.292,0.359,0.651,0.23981,2014,"Sunday, Jun 29",June,boxscore,BAL,,TBR,L,7,12,,42-39,2,1.5,Cobb,Meek,,3:51,0,"32,665",29-Jun,vs TB,1,L 12-7,4,1,1,0,0,1,2,0,2,0,0,0.291,0.371,0.662,0.23982,2014,"Monday, Jun 30",June,boxscore,BAL,,TEX,W,7,1,,43-39,2,1,Jimenez,Saunders,,2:53,1,"15,252",30-Jun,vs TEX,0,W 7-1,Did not play,,,,,,,,,,,,,,83,2014,"Tuesday, Jul 1",July,boxscore,BAL,,TEX,W,8,3,,44-39,2,1,McFarland,Martinez,,2:58,1,"19,150",1-Jul,vs TEX,0,W 8-3,Did not play,,,,,,,,,,,,,,84,2014,"Wednesday, Jul 2",July,boxscore,BAL,,TEX,W,6,4,,45-39,2,1,Brach,Cotts,Britton,3:14,1,"13,478",2-Jul,vs TEX,0,W 6-4,Did not play,,,,,,,,,,,,,,85,2014,"Thursday, Jul 3",July,boxscore,BAL,,TEX,W,5,2,,46-39,1,Tied,Chen,Baker,Britton,3:12,1,"24,535",3-Jul,vs TEX,0,W 5-2,Did not play,,,,,,,,,,,,,,90,2014,"Wednesday, Jul 9",July,boxscore,BAL,,WSN,L,2,6,,49-41,1,up 2.5,Fister,Norris,,2:50,1,"35,575",9-Jul,vs WSH,1,L 6-2,4,1,3,0,0,1,1,0,0,0,0,0.315,0.423,0.738,0.26991,2014,"Thursday, Jul 10",July,boxscore,BAL,,WSN,W,4,3,,50-41,1,up 3.0,Chen,Gonzalez,Britton,2:45,1,"30,417",10-Jul,vs WSH,1,W 4-3,2,0,0,0,0,0,0,1,1,0,0,0.315,0.419,0.734,0.26792,2014,"Friday, Jul 11",July,boxscore,BAL,,NYY,W-wo,3,2,10,51-41,1,up 3.0,McFarland,Warren,,3:05,1,"45,389",11-Jul,vs NYY,1,W 3-2,4,1,1,1,0,0,0,0,1,0,0,0.314,0.421,0.735,0.26793,2014,"Saturday, Jul 12",July,boxscore,BAL,,NYY,L,0,3,,51-42,1,up 3.0,Greene,Tillman,Robertson,3:02,0,"46,667",12-Jul,vs NYY,1,L 3-0,2,0,1,0,0,0,0,1,0,0,0,0.318,0.421,0.739,0.26994,2014,"Sunday, Jul 13",July,boxscore,BAL,,NYY,W,3,1,5,52-42,1,up 4.0,Gausman,Whitley,,1:39,1,"34,483",13-Jul,vs NYY,1,W 3-1,2,0,1,0,0,0,0,0,0,0,0,0.319,0.422,0.741,0.27105,2014,"Tuesday, Jul 29",July,boxscore,BAL,,LAA,W-wo,7,6,12,59-46,1,up 2.5,Webb,Rasmus,,4:05,1,"36,882",29-Jul,vs LAA,1,W 7-6,6,1,2,1,0,1,2,0,2,0,0,0.314,0.43,0.744,0.268106,2014,"Wednesday, Jul 30",July,boxscore,BAL,,LAA,W,4,3,,60-46,1,up 2.5,Gausman,Richards,Britton,2:35,1,"27,195",30-Jul,vs LAA,1,W 4-3,4,1,1,0,0,0,0,0,2,0,0,0.313,0.428,0.741,0.268107,2014,"Thursday, Jul 31",July,boxscore,BAL,,LAA,L,0,1,13,60-47,1,up 1.5,Santiago,Webb,Street,4:33,1,"24,974",31-Jul,vs LAA,1,L 1-0,6,0,0,0,0,0,0,0,4,0,0,0.307,0.418,0.725,0.262108,2014,"Friday, Aug 1",August,boxscore,BAL,,SEA,W,2,1,,61-47,1,up 2.5,Chen,Elias,Britton,2:29,1,"39,487",1-Aug,vs SEA,1,W 2-1,4,1,3,1,0,0,1,0,1,0,0,0.313,0.427,0.74,0.269109,2014,"Saturday, Aug 2",August,boxscore,BAL,,SEA,L,3,6,,61-48,1,up 2.5,Leone,Gonzalez,,3:38,1,"36,508",2-Aug,vs SEA,1,L 6-3,5,0,3,1,0,0,0,0,0,0,0,0.317,0.433,0.75,0.275110,2014,"Sunday, Aug 3",August,boxscore,BAL,,SEA,W,1,0,,62-48,1,up 3.5,Tillman,Iwakuma,Britton,2:33,0,"35,217",3-Aug,vs SEA,1,W 1-0,3,0,1,0,0,0,0,1,1,0,0,0.32,0.432,0.752,0.276115,2014,"Friday, Aug 8",August,boxscore,BAL,,STL,W,12,2,,66-49,1,up 5.0,Tillman,Masterson,,2:57,1,"43,743",8-Aug,vs STL,1,W 12-2,4,1,2,0,0,1,3,0,1,0,0,0.318,0.425,0.743,0.27116,2014,"Saturday, Aug 9",August,boxscore,BAL,,STL,W,10,3,,67-49,1,up 6.0,Jimenez,Lackey,,2:58,0,"40,894",9-Aug,vs STL,1,W 10-3,5,0,3,0,0,0,1,0,1,0,0,0.322,0.428,0.75,0.275117,2014,"Sunday, Aug 10",August,boxscore,BAL,,STL,L,3,8,,67-50,1,up 5.0,Lynn,Gausman,,3:39,0,"27,779",10-Aug,vs STL,1,L 8-3,5,0,2,0,0,0,0,0,1,0,0,0.323,0.428,0.751,0.277118,2014,"Monday, Aug 11",August,boxscore,BAL,,NYY,W,11,3,,68-50,1,up 6.0,Norris,Capuano,,3:41,1,"34,018",11-Aug,vs NYY,1,W 11-3,2,1,1,1,0,0,0,0,0,0,0,0.324,0.431,0.755,0.278119,2014,"Wednesday, Aug 13",August,boxscore,BAL,,NYY,W,5,3,,69-50,1,up 7.5,O'Day,Kelley,Britton,2:45,1,"37,587",13-Aug,vs NYY,0,W 5-3,Did not play,,,,,,,,,,,,,,129,2014,"Monday, Aug 25",August,boxscore,BAL,,TBR,W,9,1,,74-55,1,up 6.0,Tillman,Odorizzi,,2:56,1,"15,516",25-Aug,vs TB,0,W 9-1,Did not play,,,,,,,,,,,,,,130,2014,"Tuesday, Aug 26",August,boxscore,BAL,,TBR,W,4,2,,75-55,1,up 7.0,Brach,Balfour,Britton,3:37,1,"16,406",26-Aug,vs TB,0,W 4-2,Did not play,,,,,,,,,,,,,,131,2014,"Wednesday, Aug 27",August,boxscore,BAL,,TBR,L,1,3,,75-56,1,up 6.0,Smyly,Gausman,McGee,2:44,1,"20,762",27-Aug,vs TB,0,L 3-1,Did not play,,,,,,,,,,,,,,132,2014,"Thursday, Aug 28",August,boxscore,BAL,,TBR,W,5,4,,76-56,1,up 7.0,Miller,Yates,Britton,3:26,1,"16,915",28-Aug,vs TB,0,W 5-4,Did not play,,,,,,,,,,,,,,133,2014,"Friday, Aug 29",August,boxscore,BAL,,MIN,W,9,1,,77-56,1,up 7.0,Gonzalez,May,,2:40,1,"27,464",29-Aug,vs MIN,0,W 9-1,Did not play,,,,,,,,,,,,,,134,2014,"Saturday, Aug 30",August,boxscore,BAL,,MIN,W,3,2,,78-56,1,up 8.0,Miller,Burton,Britton,3:12,1,"30,322",30-Aug,vs MIN,0,W 3-2,Did not play,,,,,,,,,,,,,,135,2014,"Sunday, Aug 31",August,boxscore,BAL,,MIN,W,12,8,,79-56,1,up 9.0,Chen,Nolasco,Britton,3:33,0,"40,905",31-Aug,vs MIN,0,W 12-8,Did not play,,,,,,,,,,,,,,136,2014,"Monday, Sep 1",September,boxscore,BAL,,MIN,L,4,6,,79-57,1,up 8.5,Hughes,Gausman,Perkins,2:36,0,"33,156",1-Sep,vs MIN,0,L 6-4,Did not play,,,,,,,,,,,,,,137,2014,"Tuesday, Sep 2",September,boxscore,BAL,,CIN,W,5,4,,80-57,1,up 9.5,Norris,Latos,Britton,3:07,1,"15,021",,,0,,Did not play,,,,,,,,,,,,,,138,2014,"Wednesday, Sep 3",September,boxscore,BAL,,CIN,W,6,0,,81-57,1,up 9.5,Gonzalez,Axelrod,,2:36,1,"20,246",,,0,,Did not play,,,,,,,,,,,,,,139,2014,"Thursday, Sep 4",September,boxscore,BAL,,CIN,W,9,7,,82-57,1,up 9.5,Hunter,Parra,Britton,3:26,1,"21,114",,,0,,Did not play,,,,,,,,,,,,,,146,2014,"Friday, Sep 12 (1)",September,boxscore,BAL,,NYY,W-wo,2,1,11,87-59,1,up11.5,Brach,Warren,,3:51,0,"31,871",,,0,,Did not play,,,,,,,,,,,,,,147,2014,"Friday, Sep 12 (2)",September,boxscore,BAL,,NYY,W,5,0,,88-59,1,up11.5,Norris,Mitchell,,2:57,1,"43,707",,,0,,Did not play,,,,,,,,,,,,,,148,2014,"Saturday, Sep 13",September,boxscore,BAL,,NYY,L,2,3,,88-60,1,up10.5,Greene,Gonzalez,Robertson,3:28,0,"44,231",,,0,,Did not play,,,,,,,,,,,,,,149,2014,"Sunday, Sep 14",September,boxscore,BAL,,NYY,W-wo,3,2,,89-60,1,up11.5,O'Day,Robertson,,3:04,1,"43,947",,,0,,Did not play,,,,,,,,,,,,,,150,2014,"Monday, Sep 15",September,boxscore,BAL,,TOR,W,5,2,,90-60,1,up12.5,Chen,Stroman,Britton,3:12,1,"25,061",,,0,,Did not play,,,,,,,,,,,,,,151,2014,"Tuesday, Sep 16",September,boxscore,BAL,,TOR,W,8,2,,91-60,1,up13.5,Jimenez,Hutchison,,3:02,1,"35,297",,,0,,Did not play,,,,,,,,,,,,,,152,2014,"Wednesday, Sep 17",September,boxscore,BAL,,TOR,W,6,1,,92-60,1,up14.5,Norris,Happ,,3:13,1,"37,537",,,0,,Did not play,,,,,,,,,,,,,,153,2014,"Friday, Sep 19",September,boxscore,BAL,,BOS,L,3,5,10,92-61,1,up13.0,Tazawa,O'Day,Mujica,3:42,1,"39,079",,,0,,Did not play,,,,,,,,,,,,,,154,2014,"Saturday, Sep 20",September,boxscore,BAL,,BOS,W,7,2,,93-61,1,up14.0,Tillman,De La Rosa,,2:51,1,"43,015",,,0,,Did not play,,,,,,,,,,,,,,155,2014,"Sunday, Sep 21",September,boxscore,BAL,,BOS,L,2,3,,93-62,1,up13.0,Kelly,Gonzalez,Mujica,3:07,0,"38,329",,,0,,Did not play,,,,,,,,,,,,,,